fsa,csd
G5L,2410043
G5N,2410043
G1J,2423027
G1K,2423027
G3E,2423027
G4W,2408053
G5A,2415013
G5B,2497022
G5C,2496902
G1L,2423027
G1S,2423027
G1P,2423027
G1T,2423027
G1V,2423027
G1R,2423027
G2G,2423027
G2J,2423027
G1B,2423027
G1C,2423027
G1H,2423027
G1E,2423027
G1G,2423027
G1M,2423027
G1N,2423027
G1W,2423027
G1X,2423027
G1Y,2423027
G2B,2423027
G2C,2423027
G2K,2423027
G2L,2423027
G2M,2423027
G2N,2423027
G3G,2423027
G3K,2423027
G3M,2434025
G3Z,2416013
G4A,2415035
G4S,2497007
G6A,2429073
G5V,2418050
G5Z,2429073
G6C,2425213
G6E,2426030
G6J,2425213
G6K,2425213
G6P,2439062
G6X,2425213
G6T,2439062
G6V,2425213
G6W,2425213
G6Z,2425213
G7A,2425213
G8Z,2437067
G7B,2494068
G7G,2494068
G7H,2494068
G7J,2494068
G7K,2494068
G7Z,2494068
G7S,2494068
G7T,2494068
G7Y,2494068
G8A,2494068
G8B,2493042
G8C,2493042
G8E,2493042
G8K,2491042
G8Y,2437067
G8N,2493020
G8T,2437067
G9C,2437067
G8V,2437067
G8W,2437067
G9N,2436033
G9A,2437067
G9B,2437067
G9P,2436033
G9R,2436033
G9T,2436033
H7A,2465005
H7B,2465005
H7C,2465005
H7M,2465005
H7E,2465005
H7G,2465005
H7S,2465005
H7H,2465005
H7J,2465005
H7K,2465005
H7T,2465005
H7L,2465005
H7N,2465005
H7P,2465005
H7V,2465005
H7R,2465005
H7W,2465005
H7X,2465005
H9G,2466142
H7Y,2465005
H9R,2466097
J1J,2443027
H9W,2466107
J1C,2443027
J1E,2443027
J1G,2443027
J1H,2443027
J1K,2443027
J1L,2443027
J1M,2443027
J1N,2443027
J2C,2449058
J1R,2443027
J2E,2449058
J2G,2447017
J2H,2447017
J2J,2447017
J4T,2458227
J2A,2449058
J2N,2446112
J2R,2454048
J2S,2454048
J4V,2458227
J2T,2454048
J2W,2456083
J2X,2456083
J2Y,2456083
J3A,2456083
J3B,2456083
J3N,2457020
J3M,2455048
J3T,2450072
J3X,2459020
J4N,2458227
J3Y,2458227
J3Z,2458227
J4B,2458033
J4H,2458227
J4J,2458227
J4L,2458227
J4S,2458012
J4W,2458007
J4Z,2458007
J4X,2458007
J4Y,2458007
J5C,2467030
J5J,2475028
J5K,2475005
J5L,2475017
J5M,2463048
J5T,2452007
J5V,2451015
J5Y,2460013
J6A,2460013
J6R,2467045
J6T,2470052
J6V,2464008
J6X,2464008
J6Y,2464008
J7W,2471070
J7C,2473015
J7X,2471033
J7G,2473005
J7H,2473005
J8X,2481017
J7K,2464015
J7L,2464015
J7M,2464008
J7N,2474005
J7Y,2475017
J7Z,2475017
J8A,2475045
J8B,2477022
J8M,2481017
J8P,2481017
J8R,2481017
J8T,2481017
J8Y,2481017
J9A,2481017
J8Z,2481017
J9H,2481017
J9J,2481017
J9Z,2487090
J9L,2479088
J9T,2488055
J9X,2486042
J9Y,2486042
